TDSFU Daily run: Mon Oct 27 10:04:27 UTC 2025 TDSFU
TDSFU Daily run: Tue Oct 28 04:36:37 UTC 2025 TDSFU
TDSFU Daily run: Wed Oct 29 04:41:37 UTC 2025 TDSFU
TDSFU Daily run: Thu Oct 30 04:35:51 UTC 2025 TDSFU
TDSFU Daily run: Fri Oct 31 04:38:33 UTC 2025 TDSFU
TDSFU Daily run: Sat Nov  1 04:33:12 UTC 2025 TDSFU
TDSFU Daily run: Sun Nov  2 04:35:56 UTC 2025 TDSFU
TDSFU Daily run: Mon Nov  3 04:42:28 UTC 2025 TDSFU
TDSFU Daily run: Tue Nov  4 04:36:21 UTC 2025 TDSFU
TDSFU Daily run: Wed Nov  5 04:36:43 UTC 2025 TDSFU
